Geo_FIPS,Geo_SUMLEV_SE,Geo_GeoRecType,Geo_NAME,Geo_QName,Geo_GISJOIN,Geo_GISJOIN2,Geo_shape_area,Geo_areai,Geo_recnum,Geo_Abbrev,Geo_State,Geo_STATE70,Geo_STATE60,Geo_COUNTY,Geo_PLACE,Geo_TOWNCODE,Geo_METROARA,Geo_URBANARA,Geo_TractCode,Geo_TRACT,Geo_CENCODE,Geo_CENCDIV,Geo_SUFFTRT,Geo_BUSDISCT,Geo_ECOAREA,Geo_TRACTARA,Geo_CITYRUR,Geo_SUBREGN,Geo_NESIZE,Geo_PLACESZE,Geo_PUBLICAT,Geo_CONSL,Geo_PLACEDES,Geo_SEQKEYS,Geo_PTPOP,Geo_PWPOP,Geo_PBPOP,Geo_PHPOP,Geo_bitflag1,Geo_bitflag2,Geo_bitflag3,Geo_bitflag4,Geo_flag01,Geo_flag02,Geo_flag03,Geo_flag04,Geo_flag05,Geo_flag06,Geo_flag07,Geo_flag08,Geo_flag09,Geo_flag10,Geo_flag11,Geo_flag12,Geo_flag13,Geo_flag14,Geo_flag15,Geo_flag16,Geo_flag17,Geo_flag18,Geo_flag19,Geo_flag20,Geo_flag21,Geo_flag22,Geo_flag23,Geo_flag24,Geo_flag25,Geo_flag26,Geo_flag27,Geo_flag28,Geo_flag29,Geo_flag30,Geo_flag31,Geo_flag32,Geo_flag33,Geo_flag34,Geo_flag35,Geo_flag36,Geo_flag37,Geo_flag38,Geo_flag39,Geo_flag40,Geo_flag41,Geo_flag42,Geo_flag43,Geo_flag44,Geo_flag45,Geo_flag46,Geo_flag47,Geo_flag48,Geo_flag49,Geo_flag50,Geo_flag51,Geo_flag52,Geo_flag53,Geo_flag54,Geo_flag55,Geo_flag56,Geo_flag57,Geo_flag58,Geo_flag59,Geo_flag60,Geo_flag61,Geo_flag62,Geo_flag63,Geo_flag64,Geo_flag65,Geo_flag66,Geo_flag67,Geo_flag68,Geo_flag69,Geo_flag70,Geo_flag71,Geo_flag72,Geo_flag73,Geo_flag74,Geo_flag75,Geo_flag76,Geo_flag77,Geo_flag78,Geo_flag79,Geo_flag80,Geo_flag81,Geo_flag82,Geo_flag83,Geo_flag84,Geo_flag85,Geo_flag86,Geo_flag87,Geo_flag88,Geo_flag89,Geo_flag90,Geo_flag91,Geo_flag92,Geo_flag93,Geo_flag94,Geo_flag95,Geo_flag96,Geo_flag97,Geo_INTPLAT,Geo_INTPLON,ORG_H134001,ORG_H134002,ORG_H134003,ORG_H134004,ORG_H134005,ORG_H134006
"37001","4601",1,"Alamance County","Alamance County, North Carolina","G3700010","3700010",1126061806.92,1126062386.70812,1888,"NC","37","37","56","001",,,,,,,"1",,,,"03",,,"025",,,,,,"5646  001      13",96362,79187,17056,263,1073774720,0,22544384,0,0,0,0,0,0,0,1,0,0,0,0,0,0,0,1,0,0,0,0,0,0,0,0,0,0,0,0,0,0,1,0,0,0,0,0,0,0,0,0,0,0,0,0,0,0,0,0,0,0,0,0,0,0,0,0,0,0,0,0,0,0,0,0,0,0,0,0,0,0,0,0,0,0,0,0,0,0,0,1,1,0,1,0,1,0,0,0,0,0,0,0,0,0,0,0,0,0,,,18560,1451,198,45,1101,78
"37003","4601",1,"Alexander County","Alexander County, North Carolina","G3700030","3700030",681523519.258,681522722.343915,1889,"NC","37","37","56","003",,,,,,,"1",,,,"02",,,"033",,,,,,"5646  003      14",19466,18009,1457,0,1879097480,1073807366,33489480,0,0,0,1,0,0,0,1,0,0,0,0,0,0,1,1,0,0,0,0,0,0,0,0,0,0,0,0,1,1,1,1,1,0,0,0,0,0,0,0,0,0,0,0,0,0,1,0,0,0,0,0,0,0,0,0,0,0,0,0,1,0,0,1,0,0,1,0,0,1,0,0,0,0,0,0,1,1,1,1,1,1,1,1,1,0,0,0,0,0,0,0,0,0,0,0,0,0,,,3650,491,52,5,539,37
"37005","4601",1,"Alleghany County","Alleghany County, North Carolina","G3700050","3700050",609985952.145,609986718.817778,1890,"NC","37","37","56","005",,,,,,,"1",,,,"01",,,"033",,,,,,"5646  005      14",8134,7898,236,0,2015551708,1075138566,41852,0,0,1,1,1,0,1,1,0,0,0,0,0,1,1,1,0,1,0,0,0,1,0,0,0,0,0,1,1,1,1,1,1,0,0,0,0,0,0,0,0,0,1,0,1,0,1,0,1,0,1,0,0,0,0,0,0,0,0,0,1,0,1,1,1,1,1,0,1,1,0,0,0,1,0,1,0,0,0,0,0,0,0,0,0,0,0,0,0,0,0,0,0,0,0,0,0,0,,,1589,380,16,0,150,20
"37007","4601",1,"Anson County","Anson County, North Carolina","G3700070","3700070",1391165935.05,1391166059.80307,1891,"NC","37","37","56","007",,,,,,,"1",,,,"05",,,"034",,,,,,"5646  007      13",23488,12540,10908,56,1342226568,1073741828,1644101696,0,0,0,1,0,0,0,1,0,0,0,0,0,0,1,1,0,0,0,0,0,0,0,0,0,0,0,0,1,0,1,0,1,0,0,0,0,0,0,0,0,0,0,0,0,0,0,0,0,0,0,0,0,0,0,0,0,0,0,0,1,0,0,0,0,0,1,0,0,0,0,0,0,0,0,0,1,1,1,1,1,1,1,1,1,0,0,0,0,1,1,0,0,0,0,0,0,0,,,3350,971,36,4,276,28
"37009","4601",1,"Ashe County","Ashe County, North Carolina","G3700090","3700090",1105370197.2,1105370368.96367,1892,"NC","37","37","56","009",,,,,,,"1",,,,"01",,,"033",,,,,,"5646  009      14",19571,19341,230,32,2015420616,1075134470,1644110412,0,0,0,1,0,0,1,1,0,0,0,0,0,1,1,1,0,0,0,0,0,1,0,0,0,0,0,1,1,1,1,1,1,0,0,0,0,0,0,0,0,0,0,0,1,0,1,0,1,0,1,0,0,0,0,0,0,0,0,0,1,0,1,1,0,0,1,0,0,1,0,0,0,1,0,0,1,1,1,1,1,1,1,1,1,0,0,0,0,1,1,0,0,0,0,0,0,0,,,3303,1251,41,3,348,20
"37011","4601",1,"Avery County","Avery County, North Carolina","G3700110","3700110",640268410.026,640268947.65652,1893,"NC","37","37","56","011",,,,,,,"1",,,,"01",,,"033",,,,,,"5646  011      14",12655,12544,98,22,2016604380,1150636326,1644143228,0,0,1,1,1,0,1,1,0,0,0,0,1,1,1,1,0,1,0,0,1,1,0,0,0,0,0,1,1,1,1,1,1,0,0,1,0,0,1,0,0,0,1,0,1,0,1,0,1,0,1,0,0,1,0,0,1,0,0,0,1,0,1,1,1,1,1,0,0,1,0,0,0,1,0,1,1,1,1,1,1,1,1,1,1,0,0,0,0,1,1,0,0,0,0,0,0,0,,,1944,576,36,8,345,9
"37013","4601",1,"Beaufort County","Beaufort County, North Carolina","G3700130","3700130",2159036164.79,2159037316.23852,1894,"NC","37","37","56","013",,,,,,,"1",,,,"10",,,"022",,,,,,"5646  013      13",35980,24032,11935,132,1342226568,1073741828,33488960,0,0,0,1,0,0,0,1,0,0,0,0,0,0,1,1,0,0,0,0,0,0,0,0,0,0,0,0,1,0,1,0,1,0,0,0,0,0,0,0,0,0,0,0,0,0,0,0,0,0,0,0,0,0,0,0,0,0,0,0,1,0,0,0,0,0,1,0,0,0,0,0,0,0,0,0,1,1,1,1,1,1,1,1,1,0,0,0,0,0,0,0,0,0,0,0,0,0,,,5217,1287,168,11,767,34
"37015","4601",1,"Bertie County","Bertie County, North Carolina","G3700150","3700150",1833032307.5,1833031866.33615,1895,"NC","37","37","56","015",,,,,,,"1",,,,"07",,,"021",,,,,,"5646  015      14",20528,8915,11613,12,1342357656,1073741828,1644134512,0,0,0,1,1,0,0,1,0,0,0,0,0,0,1,1,0,1,0,0,0,0,0,0,0,0,0,0,1,0,1,0,1,0,0,0,0,0,0,0,0,0,0,0,0,0,0,0,0,0,0,0,0,0,0,0,0,0,0,0,1,0,0,0,1,1,1,0,0,0,0,0,0,0,0,1,1,1,1,1,1,1,1,1,1,0,0,0,0,1,1,0,0,0,0,0,0,0,,,2453,768,89,0,182,36
"37017","4601",1,"Bladen County","Bladen County, North Carolina","G3700170","3700170",2297669059.17,2297667402.80808,1896,"NC","37","37","56","017",,,,,,,"1",,,,"11",,,"022",,,,,,"5646  017      14",26477,16064,10316,51,1342226568,2,33489480,0,0,0,1,0,0,0,1,0,0,0,0,0,0,1,1,0,0,0,0,0,0,0,0,0,0,0,0,1,0,1,1,0,0,0,0,0,0,0,0,0,0,0,0,0,0,0,0,0,0,0,0,0,0,0,0,0,0,0,0,0,0,0,1,0,0,1,0,0,1,0,0,0,0,0,0,1,1,1,1,1,1,1,1,1,0,0,0,0,0,0,0,0,0,0,0,0,0,,,3423,1433,55,12,440,10
"37019","4601",1,"Brunswick County","Brunswick County, North Carolina","G3700190","3700190",2237790166.96,2237790241.45618,1897,"NC","37","37","56","019",,,"9200",,,,"1",,,,"11",,,"022",,,,,,"5646  019      14",24223,16945,7179,32,1342226568,1073741828,33488960,0,0,0,1,0,0,0,1,0,0,0,0,0,0,1,1,0,0,0,0,0,0,0,0,0,0,0,0,1,0,1,0,1,0,0,0,0,0,0,0,0,0,0,0,0,0,0,0,0,0,0,0,0,0,0,0,0,0,0,0,1,0,0,0,0,0,1,0,0,0,0,0,0,0,0,0,1,1,1,1,1,1,1,1,1,0,0,0,0,0,0,0,0,0,0,0,0,0,,,3861,892,55,5,790,45
"37021","4601",1,"Buncombe County","Buncombe County, North Carolina","G3700210","3700210",1708886244.62,1708886215.10896,1898,"NC","37","37","56","021",,,"0480",,,,"0",,,,"A ",,,"033",,,,,,"5646  021      13",145056,132042,12819,583,1342177280,0,2883584,0,0,0,0,0,0,0,0,0,0,0,0,0,0,0,0,0,0,0,0,0,0,0,0,0,0,0,0,1,0,1,0,0,0,0,0,0,0,0,0,0,0,0,0,0,0,0,0,0,0,0,0,0,0,0,0,0,0,0,0,0,0,0,0,0,0,0,0,0,0,0,0,0,0,0,0,0,0,1,1,0,1,0,0,0,0,0,0,0,0,0,0,0,0,0,0,0,0,,,27978,2028,1070,75,2685,84
"37023","4601",1,"Burke County","Burke County, North Carolina","G3700230","3700230",1333573001.06,1333574225.26596,1899,"NC","37","37","56","023",,,,,,,"1",,,,"02",,,"033",,,,,,"5646  023      13",60364,55837,4438,14,1073791112,1073741828,31129664,0,0,0,1,0,0,0,1,0,0,0,0,0,0,1,1,0,0,0,0,0,0,0,0,0,0,0,0,0,0,1,0,1,0,0,0,0,0,0,0,0,0,0,0,0,0,0,0,0,0,0,0,0,0,0,0,0,0,0,0,1,0,0,0,0,0,1,0,0,0,0,0,0,0,0,0,1,1,0,1,1,0,1,1,1,0,0,0,0,0,0,0,0,0,0,0,0,0,,,10283,1291,148,24,1349,44
"37025","4601",1,"Cabarrus County","Cabarrus County, North Carolina","G3700250","3700250",945303996.339,945304774.818534,1900,"NC","37","37","56","025",,,,,,,"1",,,,"04",,,"034",,,,,,"5646  025      13",74629,62634,11861,141,1342226568,0,33488896,0,0,0,1,0,0,0,1,0,0,0,0,0,0,1,1,0,0,0,0,0,0,0,0,0,0,0,0,1,0,1,0,0,0,0,0,0,0,0,0,0,0,0,0,0,0,0,0,0,0,0,0,0,0,0,0,0,0,0,0,0,0,0,0,0,0,0,0,0,0,0,0,0,0,0,0,1,1,1,1,1,1,1,1,1,0,0,0,0,0,0,0,0,0,0,0,0,0,,,14271,675,145,8,729,15
"37027","4601",1,"Caldwell County","Caldwell County, North Carolina","G3700270","3700270",1228422501.71,1228422479.55449,1901,"NC","37","37","56","027",,,,,,,"1",,,,"02",,,"033",,,,,,"5646  027      13",56699,53143,3545,73,1073791112,0,31129600,0,0,0,1,0,0,0,1,0,0,0,0,0,0,1,1,0,0,0,0,0,0,0,0,0,0,0,0,0,0,1,0,0,0,0,0,0,0,0,0,0,0,0,0,0,0,0,0,0,0,0,0,0,0,0,0,0,0,0,0,0,0,0,0,0,0,0,0,0,0,0,0,0,0,0,0,1,1,0,1,1,0,1,1,1,0,0,0,0,0,0,0,0,0,0,0,0,0,,,10038,1328,143,8,983,93
"37029","4601",1,"Camden County","Camden County, North Carolina","G3700290","3700290",626569727.769,626565676.55682,1902,"NC","37","37","56","029",,,,,,,"1",,,,"10",,,"022",,,,,,"5646  029      14",5453,3430,2019,,1342357656,1073807366,33400,0,0,0,1,1,0,0,1,0,0,0,0,0,0,1,1,0,1,0,0,0,0,0,0,0,0,0,0,1,0,1,1,1,0,0,0,0,0,0,0,0,0,0,0,0,0,1,0,0,0,0,0,0,0,0,0,0,0,0,0,1,0,0,1,1,1,1,0,0,1,0,0,0,0,0,1,0,0,0,0,0,0,0,0,0,0,0,0,0,0,0,0,0,0,0,0,0,0,,,794,272,4,0,98,13
"37031","4601",1,"Carteret County","Carteret County, North Carolina","G3700310","3700310",1330939737.35,1330937689.17603,1903,"NC","37","37","56","031",,,,,,,"1",,,,"11",,,"022",,,,,,"5646  031      13",31603,27946,3517,141,1342226568,0,33488896,0,0,0,1,0,0,0,1,0,0,0,0,0,0,1,1,0,0,0,0,0,0,0,0,0,0,0,0,1,0,1,0,0,0,0,0,0,0,0,0,0,0,0,0,0,0,0,0,0,0,0,0,0,0,0,0,0,0,0,0,0,0,0,0,0,0,0,0,0,0,0,0,0,0,0,0,1,1,1,1,1,1,1,1,1,0,0,0,0,0,0,0,0,0,0,0,0,0,,,5799,662,170,16,1129,22
"37033","4601",1,"Caswell County","Caswell County, North Carolina","G3700330","3700330",1109624967.83,1109624941.44741,1904,"NC","37","37","56","033",,,,,,,"1",,,,"03",,,"025",,,,,,"5646  033      14",19055,9908,9147,0,1342226584,1073741828,880,0,0,0,1,1,0,0,1,0,0,0,0,0,0,1,1,0,0,0,0,0,0,0,0,0,0,0,0,1,0,1,0,1,0,0,0,0,0,0,0,0,0,0,0,0,0,0,0,0,0,0,0,0,0,0,0,0,0,0,0,1,0,0,0,1,1,1,0,1,1,0,0,0,0,0,0,0,0,0,0,0,0,0,0,0,0,0,0,0,0,0,0,0,0,0,0,0,0,,,2116,722,30,14,411,53
"37035","4601",1,"Catawba County","Catawba County, North Carolina","G3700350","3700350",1070992758.98,1070992746.22073,1905,"NC","37","37","56","035",,,,,,,"1",,,,"04",,,"034",,,,,,"5646  035      13",90873,82903,7942,262,1342210184,0,33423360,0,0,0,1,0,0,0,1,0,0,0,0,0,0,0,1,0,0,0,0,0,0,0,0,0,0,0,0,1,0,1,0,0,0,0,0,0,0,0,0,0,0,0,0,0,0,0,0,0,0,0,0,0,0,0,0,0,0,0,0,0,0,0,0,0,0,0,0,0,0,0,0,0,0,0,0,0,1,1,1,1,1,1,1,1,0,0,0,0,0,0,0,0,0,0,0,0,0,,,17622,938,358,56,1413,41
"37037","4601",1,"Chatham County","Chatham County, North Carolina","G3700370","3700370",1836433157.91,1836432601.0143,1906,"NC","37","37","56","037",,,,,,,"1",,,,"04",,,"034",,,,,,"5646  037      13",29554,20519,8977,51,1342226584,1073741828,1644102256,0,0,0,1,1,0,0,1,0,0,0,0,0,0,1,1,0,0,0,0,0,0,0,0,0,0,0,0,1,0,1,0,1,0,0,0,0,0,0,0,0,0,0,0,0,0,0,0,0,0,0,0,0,0,0,0,0,0,0,0,1,0,0,0,1,1,1,0,0,1,0,0,0,0,0,0,1,1,1,1,1,1,1,1,1,0,0,0,0,1,1,0,0,0,0,0,0,0,,,4463,1352,55,34,688,138
"37039","4601",1,"Cherokee County","Cherokee County, North Carolina","G3700390","3700390",1208691654.59,1208691752.80295,1907,"NC","37","37","56","039",,,,,,,"1",,,,"01",,,"033",,,,,,"5646  039      14",16330,15870,367,60,2013315288,1075134468,1644101748,0,0,0,1,1,0,1,1,0,0,0,0,0,0,1,1,0,0,0,0,0,0,0,0,0,0,0,1,1,1,1,0,1,0,0,0,0,0,0,0,0,0,0,0,1,0,1,0,1,0,1,0,0,0,0,0,0,0,0,0,1,0,1,0,1,1,1,0,0,0,0,0,0,0,0,0,1,1,1,1,1,1,1,1,1,0,0,0,0,1,1,0,0,0,0,0,0,0,,,2644,700,51,4,486,10
"37041","4601",1,"Chowan County","Chowan County, North Carolina","G3700410","3700410",448562018.06,448561905.460688,1908,"NC","37","37","56","041",,,,,,,"1",,,,"07",,,"021",,,,,,"5646  041      13",10764,6229,4526,,1342357656,1073741830,33400,0,0,0,1,1,0,0,1,0,0,0,0,0,0,1,1,0,1,0,0,0,0,0,0,0,0,0,0,1,0,1,1,1,0,0,0,0,0,0,0,0,0,0,0,0,0,0,0,0,0,0,0,0,0,0,0,0,0,0,0,1,0,0,1,1,1,1,0,0,1,0,0,0,0,0,1,0,0,0,0,0,0,0,0,0,0,0,0,0,0,0,0,0,0,0,0,0,0,,,1503,324,28,0,153,0
"37043","4601",1,"Clay County","Clay County, North Carolina","G3700430","3700430",571358206.331,571358771.637769,1909,"NC","37","37","56","043",,,,,,,"1",,,,"01",,,"033",,,,,,"5646  043      14",5180,5133,47,38,2016604380,1150669094,1912578684,0,0,1,1,1,0,1,1,0,0,0,0,1,1,1,1,0,1,0,0,1,1,0,0,0,0,0,1,1,1,1,1,1,0,0,1,0,0,1,0,0,0,1,0,1,1,1,0,1,0,1,0,0,1,0,0,1,0,0,0,1,0,1,1,1,1,1,0,0,1,0,0,0,1,0,1,1,1,1,1,1,1,1,1,1,0,0,0,1,1,1,0,0,0,0,0,0,0,,,955,278,6,0,164,18
"37045","4601",1,"Cleveland County","Cleveland County, North Carolina","G3700450","3700450",1213668752.43,1213668690.79479,1910,"NC","37","37","56","045",,,,,,,"1",,,,"05",,,"034",,,,,,"5646  045      13",72556,57625,14911,46,1073791112,0,31391744,0,0,0,1,0,0,0,1,0,0,0,0,0,0,1,1,0,0,0,0,0,0,0,0,0,0,0,0,0,0,1,0,0,0,0,0,0,0,0,0,0,0,0,0,0,0,0,0,0,0,0,0,0,0,0,0,0,0,0,0,0,0,0,0,0,0,0,0,0,0,0,0,0,0,0,0,1,1,1,1,1,0,1,1,1,0,0,0,0,0,0,0,0,0,0,0,0,0,,,12443,883,130,42,825,32
"37047","4601",1,"Columbus County","Columbus County, North Carolina","G3700470","3700470",2469831205.46,2469831707.37067,1911,"NC","37","37","56","047",,,,,,,"1",,,,"11",,,"022",,,,,,"5646  047      13",46937,32031,13917,74,1342226584,1073741828,33489008,0,0,0,1,1,0,0,1,0,0,0,0,0,0,1,1,0,0,0,0,0,0,0,0,0,0,0,0,1,0,1,0,1,0,0,0,0,0,0,0,0,0,0,0,0,0,0,0,0,0,0,0,0,0,0,0,0,0,0,0,1,0,0,0,1,1,1,0,0,0,0,0,0,0,0,0,1,1,1,1,1,1,1,1,1,0,0,0,0,0,0,0,0,0,0,0,0,0,,,6710,1626,95,17,874,36
"37049","4601",1,"Craven County","Craven County, North Carolina","G3700490","3700490",1873473220.18,1873475325.57893,1912,"NC","37","37","56","049",,,"0480",,,,"1",,,,"11",,,"022",,,,,,"5646  049      13",62554,46393,15906,772,1073741832,0,9306112,0,0,0,1,0,0,0,0,0,0,0,0,0,0,0,0,0,0,0,0,0,0,0,0,0,0,0,0,0,0,1,0,0,0,0,0,0,0,0,0,0,0,0,0,0,0,0,0,0,0,0,0,0,0,0,0,0,0,0,0,0,0,0,0,0,0,0,0,0,0,0,0,0,0,0,0,0,1,1,1,0,0,0,1,0,0,0,0,0,0,0,0,0,0,0,0,0,0,,,7101,1098,158,32,1398,58
"37051","4601",1,"Cumberland County","Cumberland County, North Carolina","G3700510","3700510",1705410436.73,1705412606.60055,1913,"NC","37","37","56","051",,,"2560",,,,"0",,,,"09",,,"023",,,,,,"5646  051      13",212042,157745,50698,5544,0,0,0,0,0,0,0,0,0,0,0,0,0,0,0,0,0,0,0,0,0,0,0,0,0,0,0,0,0,0,0,0,0,0,0,0,0,0,0,0,0,0,0,0,0,0,0,0,0,0,0,0,0,0,0,0,0,0,0,0,0,0,0,0,0,0,0,0,0,0,0,0,0,0,0,0,0,0,0,0,0,0,0,0,0,0,0,0,0,0,0,0,0,0,0,0,0,0,0,0,0,,,23179,1620,322,19,3494,86
"37053","4601",1,"Currituck County","Currituck County, North Carolina","G3700530","3700530",685410683.238,685413632.631732,1914,"NC","37","37","56","053",,,,,,,"1",,,,"10",,,"022",,,,,,"5646  053      14",6976,5134,1840,0,1342357656,1073807366,33522296,0,0,0,1,1,0,0,1,0,0,0,0,0,0,1,1,0,1,0,0,0,0,0,0,0,0,0,0,1,0,1,1,1,0,0,0,0,0,0,0,0,0,0,0,0,0,1,0,0,0,0,0,0,0,0,0,0,0,0,0,1,0,0,1,1,1,1,0,0,1,0,0,0,0,0,1,1,1,1,1,1,1,1,1,1,0,0,0,0,0,0,0,0,0,0,0,0,0,,,1105,239,5,4,304,10
"37055","4601",1,"Dare County","Dare County, North Carolina","G3700550","3700550",1001387389.99,1001388004.15658,1915,"NC","37","37","56","055",,,,,,,"1",,,,"10",,,"022",,,,,,"5646  055      14",6995,6505,481,26,1879097544,1075134468,33488960,0,0,0,1,0,0,1,1,0,0,0,0,0,0,1,1,0,0,0,0,0,0,0,0,0,0,0,0,1,1,1,0,1,0,0,0,0,0,0,0,0,0,0,0,1,0,1,0,1,0,1,0,0,0,0,0,0,0,0,0,1,0,0,0,0,0,1,0,0,0,0,0,0,0,0,0,1,1,1,1,1,1,1,1,1,0,0,0,0,0,0,0,0,0,0,0,0,0,,,1414,252,81,12,163,9
"37057","4601",1,"Davidson County","Davidson County, North Carolina","G3700570","3700570",1467932188.85,1467932206.92221,1916,"NC","37","37","56","057",,,,,,,"0",,,,"04",,,"034",,,,,,"5646  057      13",95627,86148,9359,239,32904,0,30539776,0,0,0,1,0,0,0,1,0,0,0,0,0,0,0,1,0,0,0,0,0,0,0,0,0,0,0,0,0,0,0,0,0,0,0,0,0,0,0,0,0,0,0,0,0,0,0,0,0,0,0,0,0,0,0,0,0,0,0,0,0,0,0,0,0,0,0,0,0,0,0,0,0,0,0,0,0,1,0,0,1,0,1,1,1,0,0,0,0,0,0,0,0,0,0,0,0,0,,,18066,1645,181,26,1455,78
"37059","4601",1,"Davie County","Davie County, North Carolina","G3700590","3700590",691237222.736,691237103.137846,1917,"NC","37","37","56","059",,,,,,,"1",,,,"04",,,"034",,,,,,"5646  059      13",18855,16602,2225,27,1342226568,1073741828,33489504,0,0,0,1,0,0,0,1,0,0,0,0,0,0,1,1,0,0,0,0,0,0,0,0,0,0,0,0,1,0,1,0,1,0,0,0,0,0,0,0,0,0,0,0,0,0,0,0,0,0,0,0,0,0,0,0,0,0,0,0,1,0,0,0,0,1,1,0,0,1,0,0,0,0,0,0,1,1,1,1,1,1,1,1,1,0,0,0,0,0,0,0,0,0,0,0,0,0,,,3636,523,27,5,489,16
"37061","4601",1,"Duplin County","Duplin County, North Carolina","G3700610","3700610",2121503303.04,2121503196.62047,1918,"NC","37","37","56","061",,,"2560",,,,"1",,,,"11",,,"022",,,,,,"5646  061      13",38015,25007,12993,15,1342226568,0,1912537088,0,0,0,1,0,0,0,1,0,0,0,0,0,0,1,1,0,0,0,0,0,0,0,0,0,0,0,0,1,0,1,0,0,0,0,0,0,0,0,0,0,0,0,0,0,0,0,0,0,0,0,0,0,0,0,0,0,0,0,0,0,0,0,0,0,0,0,0,0,0,0,0,0,0,0,0,1,1,1,1,1,1,1,1,1,0,0,0,1,1,1,0,0,0,0,0,0,0,,,5532,1289,141,5,679,44
"37063","4601",1,"Durham County","Durham County, North Carolina","G3700630","3700630",771284250.04,771284170.055456,1919,"NC","37","37","56","063",,,"2280",,,,"0",,,,"F ",,,"025",,,,,,"5646  063      13",132681,89148,43195,818,0,0,0,0,0,0,0,0,0,0,0,0,0,0,0,0,0,0,0,0,0,0,0,0,0,0,0,0,0,0,0,0,0,0,0,0,0,0,0,0,0,0,0,0,0,0,0,0,0,0,0,0,0,0,0,0,0,0,0,0,0,0,0,0,0,0,0,0,0,0,0,0,0,0,0,0,0,0,0,0,0,0,0,0,0,0,0,0,0,0,0,0,0,0,0,0,0,0,0,0,0,,,19802,639,557,42,691,5
"37065","4601",1,"Edgecombe County","Edgecombe County, North Carolina","G3700650","3700650",1312044695.99,1312045384.54767,1920,"NC","37","37","56","065",,,"2280",,,,"1",,,,"08",,,"024",,,,,,"5646  065      13",52341,27439,24867,157,1342210184,0,33423424,0,0,0,1,0,0,0,1,0,0,0,0,0,0,0,1,0,0,0,0,0,0,0,0,0,0,0,0,1,0,1,0,0,0,0,0,0,0,0,0,0,0,0,0,0,0,0,0,0,0,0,0,0,0,0,0,0,0,0,0,0,0,0,0,0,0,1,0,0,0,0,0,0,0,0,0,0,1,1,1,1,1,1,1,1,0,0,0,0,0,0,0,0,0,0,0,0,0,,,6349,792,111,21,516,18
"37067","4601",1,"Forsyth County","Forsyth County, North Carolina","G3700670","3700670",1069462000.62,1069461973.4484,1921,"NC","37","37","56","067",,,"3120",,,,"0",,,,"B ",,,"025",,,,,,"5646  067      13",214348,166179,47634,811,0,0,0,0,0,0,0,0,0,0,0,0,0,0,0,0,0,0,0,0,0,0,0,0,0,0,0,0,0,0,0,0,0,0,0,0,0,0,0,0,0,0,0,0,0,0,0,0,0,0,0,0,0,0,0,0,0,0,0,0,0,0,0,0,0,0,0,0,0,0,0,0,0,0,0,0,0,0,0,0,0,0,0,0,0,0,0,0,0,0,0,0,0,0,0,0,0,0,0,0,0,,,39893,1084,543,27,2143,28
"37069","4601",1,"Franklin County","Franklin County, North Carolina","G3700690","3700690",1280984874.55,1280985202.10649,1922,"NC","37","37","56","069",,,,,,,"1",,,,"06",,,"024",,,,,,"5646  069      13",26820,15628,11177,38,1342357656,1073741828,1644135024,0,0,0,1,1,0,0,1,0,0,0,0,0,0,1,1,0,1,0,0,0,0,0,0,0,0,0,0,1,0,1,0,1,0,0,0,0,0,0,0,0,0,0,0,0,0,0,0,0,0,0,0,0,0,0,0,0,0,0,0,1,0,0,0,1,1,1,0,0,1,0,0,0,0,0,1,1,1,1,1,1,1,1,1,1,0,0,0,0,1,1,0,0,0,0,0,0,0,,,3208,927,99,12,450,63
"37071","4601",1,"Gaston County","Gaston County, North Carolina","G3700710","3700710",941579942.594,941579874.282082,1923,"NC","37","37","56","071",,,,,,,"1",,,,"05",,,"034",,,,,,"5646  071      13",148415,130259,17947,185,49288,0,30605312,0,0,0,1,0,0,0,1,0,0,0,0,0,0,1,1,0,0,0,0,0,0,0,0,0,0,0,0,0,0,0,0,0,0,0,0,0,0,0,0,0,0,0,0,0,0,0,0,0,0,0,0,0,0,0,0,0,0,0,0,0,0,0,0,0,0,0,0,0,0,0,0,0,0,0,0,1,1,0,0,1,0,1,1,1,0,0,0,0,0,0,0,0,0,0,0,0,0,,,26512,1319,269,50,1352,40
"37073","4601",1,"Gates County","Gates County, North Carolina","G3700730","3700730",893838902.776,893837811.110531,1924,"NC","37","37","56","073",,,,,,,"1",,,,"07",,,"021",,,,,,"5646  073      14",8524,3962,4550,,1342357912,1073741830,33784,0,0,0,1,1,0,0,1,1,0,0,0,0,0,1,1,0,1,0,0,0,0,0,0,0,0,0,0,1,0,1,1,1,0,0,0,0,0,0,0,0,0,0,0,0,0,0,0,0,0,0,0,0,0,0,0,0,0,0,0,1,0,0,1,1,1,1,1,1,1,0,0,0,0,0,1,0,0,0,0,0,0,0,0,0,0,0,0,0,0,0,0,0,0,0,0,0,0,,,1031,577,5,7,107,9
"37075","4601",1,"Graham County","Graham County, North Carolina","G3700750","3700750",781150796.041,781150828.086431,1925,"NC","37","37","56","075",,,,,,,"1",,,,"01",,,"033",,,,,,"5646  075      14",6562,6446,,,2016473292,76894498,8972,0,0,1,1,0,0,1,1,0,0,0,0,1,1,1,1,0,0,0,0,1,1,0,0,0,0,0,1,1,1,1,1,0,0,0,1,0,0,1,0,0,0,1,0,1,0,1,0,1,0,1,0,0,1,0,0,1,0,0,0,0,0,1,1,0,0,0,0,1,1,0,0,0,1,0,0,0,0,0,0,0,0,0,0,0,0,0,0,0,0,0,0,0,0,0,0,0,0,,,999,311,0,0,188,0
"37077","4601",1,"Granville County","Granville County, North Carolina","G3700770","3700770",1389701208.89,1389701209.49586,1926,"NC","37","37","56","077",,,,,,,"1",,,,"03",,,"025",,,,,,"5646  077      13",32762,18404,14322,82,1342357656,1073741828,33521776,0,0,0,1,1,0,0,1,0,0,0,0,0,0,1,1,0,1,0,0,0,0,0,0,0,0,0,0,1,0,1,0,1,0,0,0,0,0,0,0,0,0,0,0,0,0,0,0,0,0,0,0,0,0,0,0,0,0,0,0,1,0,0,0,1,1,1,0,0,0,0,0,0,0,0,1,1,1,1,1,1,1,1,1,1,0,0,0,0,0,0,0,0,0,0,0,0,0,,,3383,792,52,14,408,15
"37079","4601",1,"Greene County","Greene County, North Carolina","G3700790","3700790",688665931.117,688665726.619274,1927,"NC","37","37","56","079",,,,,,,"1",,,,"08",,,"024",,,,,,"5646  079      14",14967,7938,7029,,1342357656,1073741828,32880,0,0,0,1,1,0,0,1,0,0,0,0,0,0,1,1,0,1,0,0,0,0,0,0,0,0,0,0,1,0,1,0,1,0,0,0,0,0,0,0,0,0,0,0,0,0,0,0,0,0,0,0,0,0,0,0,0,0,0,0,1,0,0,0,1,1,1,0,0,0,0,0,0,0,0,1,0,0,0,0,0,0,0,0,0,0,0,0,0,0,0,0,0,0,0,0,0,0,,,1553,226,34,11,135,0
"37081","4601",1,"Guilford County","Guilford County, North Carolina","G3700810","3700810",1703451611.31,1703451576.06646,1928,"NC","37","37","56","081",,,"3120",,,,"0",,,,"C ",,,"025",,,,,,"5646  081      13",288590,223571,63745,1291,0,0,0,0,0,0,0,0,0,0,0,0,0,0,0,0,0,0,0,0,0,0,0,0,0,0,0,0,0,0,0,0,0,0,0,0,0,0,0,0,0,0,0,0,0,0,0,0,0,0,0,0,0,0,0,0,0,0,0,0,0,0,0,0,0,0,0,0,0,0,0,0,0,0,0,0,0,0,0,0,0,0,0,0,0,0,0,0,0,0,0,0,0,0,0,0,0,0,0,0,0,,,50746,2099,774,92,1671,83
"37083","4601",1,"Halifax County","Halifax County, North Carolina","G3700830","3700830",1894185847.75,1894185672.28717,1929,"NC","37","37","56","083",,,,,,,"1",,,,"07",,,"021",,,,,,"5646  083      13",53884,27361,25861,11,1342226568,0,33488960,0,0,0,1,0,0,0,1,0,0,0,0,0,0,1,1,0,0,0,0,0,0,0,0,0,0,0,0,1,0,1,0,0,0,0,0,0,0,0,0,0,0,0,0,0,0,0,0,0,0,0,0,0,0,0,0,0,0,0,0,0,0,0,0,0,0,1,0,0,0,0,0,0,0,0,0,1,1,1,1,1,1,1,1,1,0,0,0,0,0,0,0,0,0,0,0,0,0,,,6733,1420,125,21,482,74
"37085","4601",1,"Harnett County","Harnett County, North Carolina","G3700850","3700850",1557371624.39,1557371112.55562,1930,"NC","37","37","56","085",,,,,,,"1",,,,"06",,,"024",,,,,,"5646  085      13",49667,37363,11974,139,1342226568,1073741828,33488960,0,0,0,1,0,0,0,1,0,0,0,0,0,0,1,1,0,0,0,0,0,0,0,0,0,0,0,0,1,0,1,0,1,0,0,0,0,0,0,0,0,0,0,0,0,0,0,0,0,0,0,0,0,0,0,0,0,0,0,0,1,0,0,0,0,0,1,0,0,0,0,0,0,0,0,0,1,1,1,1,1,1,1,1,1,0,0,0,0,0,0,0,0,0,0,0,0,0,,,6861,866,139,24,1132,46
"37087","4601",1,"Haywood County","Haywood County, North Carolina","G3700870","3700870",1436486397.84,1436486425.26641,1931,"NC","37","37","56","087",,,,,,,"1",,,,"01",,,"033",,,,,,"5646  087      13",41710,40944,732,89,1879097480,65536,33488896,0,0,0,1,0,0,0,1,0,0,0,0,0,0,1,1,0,0,0,0,0,0,0,0,0,0,0,0,1,1,1,0,0,0,0,0,0,0,0,0,0,0,0,0,0,0,1,0,0,0,0,0,0,0,0,0,0,0,0,0,0,0,0,0,0,0,0,0,0,0,0,0,0,0,0,0,1,1,1,1,1,1,1,1,1,0,0,0,0,0,0,0,0,0,0,0,0,0,,,8460,617,118,14,708,23
"37089","4601",1,"Henderson County","Henderson County, North Carolina","G3700890","3700890",971352580.234,971353233.031399,1932,"NC","37","37","56","089",,,,,,,"1",,,,"01",,,"033",,,,,,"5646  089      13",42804,40857,1934,515,1342210176,0,24903744,0,0,0,0,0,0,0,1,0,0,0,0,0,0,0,1,0,0,0,0,0,0,0,0,0,0,0,0,1,0,1,0,0,0,0,0,0,0,0,0,0,0,0,0,0,0,0,0,0,0,0,0,0,0,0,0,0,0,0,0,0,0,0,0,0,0,1,0,0,0,0,0,0,0,0,0,0,0,1,1,1,1,1,0,1,0,0,0,0,0,0,0,0,0,0,0,0,0,,,8894,600,209,6,928,56
"37091","4601",1,"Hertford County","Hertford County, North Carolina","G3700910","3700910",927917897.76,927917496.973811,1933,"NC","37","37","56","091",,,,,,,"1",,,,"07",,,"021",,,,,,"5646  091      13",23529,10513,12980,53,1342226568,1073741830,33489512,0,0,0,1,0,0,0,1,0,0,0,0,0,0,1,1,0,0,0,0,0,0,0,0,0,0,0,0,1,0,1,1,1,0,0,0,0,0,0,0,0,0,0,0,0,0,0,0,0,0,0,0,0,0,0,0,0,0,0,0,1,0,0,1,0,1,1,0,0,1,0,0,0,0,0,0,1,1,1,1,1,1,1,1,1,0,0,0,0,0,0,0,0,0,0,0,0,0,,,2710,749,76,16,269,10
"37093","4601",1,"Hoke County","Hoke County, North Carolina","G3700930","3700930",1016162010.77,1016162212.38003,1934,"NC","37","37","56","093",,,,,,,"1",,,,"09",,,"023",,,,,,"5646  093      13",16436,7451,7270,0,1073791112,1073741828,31391808,0,0,0,1,0,0,0,1,0,0,0,0,0,0,1,1,0,0,0,0,0,0,0,0,0,0,0,0,0,0,1,0,1,0,0,0,0,0,0,0,0,0,0,0,0,0,0,0,0,0,0,0,0,0,0,0,0,0,0,0,1,0,0,0,0,0,1,0,0,0,0,0,0,0,0,0,1,1,1,1,1,0,1,1,1,0,0,0,0,0,0,0,0,0,0,0,0,0,,,1939,491,21,0,191,27
"37095","4601",1,"Hyde County","Hyde County, North Carolina","G3700950","3700950",1782830606.51,1782829216.24651,1935,"NC","37","37","56","095",,,,,,,"1",,,,"10",,,"022",,,,,,"5646  095      13",5571,3272,2299,,1342357912,1073807366,33784,0,0,0,1,1,0,0,1,1,0,0,0,0,0,1,1,0,1,0,0,0,0,0,0,0,0,0,0,1,0,1,1,1,0,0,0,0,0,0,0,0,0,0,0,0,0,1,0,0,0,0,0,0,0,0,0,0,0,0,0,1,0,0,1,1,1,1,1,1,1,0,0,0,0,0,1,0,0,0,0,0,0,0,0,0,0,0,0,0,0,0,0,0,0,0,0,0,0,,,670,379,22,0,97,17
"37097","4601",1,"Iredell County","Iredell County, North Carolina","G3700970","3700970",1546250414.24,1546250532.29535,1936,"NC","37","37","56","097",,,,,,,"1",,,,"04",,,"034",,,,,,"5646  097      13",72197,59781,12311,109,32904,0,31064064,0,0,0,1,0,0,0,1,0,0,0,0,0,0,0,1,0,0,0,0,0,0,0,0,0,0,0,0,0,0,0,0,0,0,0,0,0,0,0,0,0,0,0,0,0,0,0,0,0,0,0,0,0,0,0,0,0,0,0,0,0,0,0,0,0,0,0,0,0,0,0,0,0,0,0,0,0,1,0,1,1,0,1,1,1,0,0,0,0,0,0,0,0,0,0,0,0,0,,,13814,1132,235,48,1219,19
"37099","4601",1,"Jackson County","Jackson County, North Carolina","G3700990","3700990",1280771403.77,1280771920.10993,1937,"NC","37","37","56","099",,,,,,,"1",,,,"01",,,"033",,,,,,"5646  099      14",21593,18918,431,7,1881333976,1075118084,33529968,0,0,0,1,1,0,1,1,0,0,0,0,0,1,1,1,0,1,0,0,0,1,0,0,0,0,0,0,1,1,1,0,1,0,0,0,0,0,0,0,0,0,0,0,0,0,1,0,1,0,1,0,0,0,0,0,0,0,0,0,1,0,0,0,1,1,1,0,0,0,0,0,0,1,0,1,1,1,1,1,1,1,1,1,1,0,0,0,0,0,0,0,0,0,0,0,0,0,,,2934,870,80,0,617,18
"37101","4601",1,"Johnston County","Johnston County, North Carolina","G3701010","3701010",2061111063.22,2061110834.99797,1938,"NC","37","37","56","101",,,,,,,"1",,,,"06",,,"024",,,,,,"5646  101      13",61737,48636,13071,87,1342226568,1073741828,33488960,0,0,0,1,0,0,0,1,0,0,0,0,0,0,1,1,0,0,0,0,0,0,0,0,0,0,0,0,1,0,1,0,1,0,0,0,0,0,0,0,0,0,0,0,0,0,0,0,0,0,0,0,0,0,0,0,0,0,0,0,1,0,0,0,0,0,1,0,0,0,0,0,0,0,0,0,1,1,1,1,1,1,1,1,1,0,0,0,0,0,0,0,0,0,0,0,0,0,,,8979,1146,151,27,1043,78
"37103","4601",1,"Jones County","Jones County, North Carolina","G3701030","3701030",1225581646.57,1225580762.85405,1939,"NC","37","37","56","103",,,,,,,"1",,,,"11",,,"022",,,,,,"5646  103      14",9779,5370,4406,44,1342357656,1073741828,33522288,0,0,0,1,1,0,0,1,0,0,0,0,0,0,1,1,0,1,0,0,0,0,0,0,0,0,0,0,1,0,1,0,1,0,0,0,0,0,0,0,0,0,0,0,0,0,0,0,0,0,0,0,0,0,0,0,0,0,0,0,1,0,0,0,1,1,1,0,0,1,0,0,0,0,0,1,1,1,1,1,1,1,1,1,1,0,0,0,0,0,0,0,0,0,0,0,0,0,,,1178,426,21,16,181,24
"37105","4601",1,"Lee County","Lee County, North Carolina","G3701050","3701050",671663554.955,671663900.994538,1940,"NC","37","37","56","105",,,,,,,"1",,,,"06",,,"024",,,,,,"5646  105      13",30467,23462,7001,113,1342226568,0,33488896,0,0,0,1,0,0,0,1,0,0,0,0,0,0,1,1,0,0,0,0,0,0,0,0,0,0,0,0,1,0,1,0,0,0,0,0,0,0,0,0,0,0,0,0,0,0,0,0,0,0,0,0,0,0,0,0,0,0,0,0,0,0,0,0,0,0,0,0,0,0,0,0,0,0,0,0,1,1,1,1,1,1,1,1,1,0,0,0,0,0,0,0,0,0,0,0,0,0,,,5134,540,111,8,462,16
"37107","4601",1,"Lenoir County","Lenoir County, North Carolina","G3701070","3701070",1041411313.63,1041411899.78715,1941,"NC","37","37","56","107",,,,,,,"1",,,,"08",,,"024",,,,,,"5646  107      13",55204,34849,20330,170,1342210184,0,33423360,0,0,0,1,0,0,0,1,0,0,0,0,0,0,0,1,0,0,0,0,0,0,0,0,0,0,0,0,1,0,1,0,0,0,0,0,0,0,0,0,0,0,0,0,0,0,0,0,0,0,0,0,0,0,0,0,0,0,0,0,0,0,0,0,0,0,0,0,0,0,0,0,0,0,0,0,0,1,1,1,1,1,1,1,1,0,0,0,0,0,0,0,0,0,0,0,0,0,,,7347,593,194,0,644,5
"37109","4601",1,"Lincoln County","Lincoln County, North Carolina","G3701090","3701090",795207490.629,795207748.217842,1942,"NC","37","37","56","109",,,,,,,"1",,,,"05",,,"034",,,,,,"5646  109      13",32682,29446,3220,52,1073791112,1073741828,31391808,0,0,0,1,0,0,0,1,0,0,0,0,0,0,1,1,0,0,0,0,0,0,0,0,0,0,0,0,0,0,1,0,1,0,0,0,0,0,0,0,0,0,0,0,0,0,0,0,0,0,0,0,0,0,0,0,0,0,0,0,1,0,0,0,0,0,1,0,0,0,0,0,0,0,0,0,1,1,1,1,1,0,1,1,1,0,0,0,0,0,0,0,0,0,0,0,0,0,,,6321,504,69,10,701,15
"37111","4601",1,"Mcdowell County","Mcdowell County, North Carolina","G3701110","3701110",1156229154.11,1156227974.36824,1943,"NC","37","37","56","111",,,,,,,"1",,,,"02",,,"033",,,,,,"5646  111      13",30648,29007,1609,5,1879097480,65536,1879048192,0,0,0,1,0,0,0,1,0,0,0,0,0,0,1,1,0,0,0,0,0,0,0,0,0,0,0,0,1,1,1,0,0,0,0,0,0,0,0,0,0,0,0,0,0,0,1,0,0,0,0,0,0,0,0,0,0,0,0,0,0,0,0,0,0,0,0,0,0,0,0,0,0,0,0,0,0,0,0,0,0,0,0,0,0,0,0,0,1,1,1,0,0,0,0,0,0,0,,,5576,808,37,0,595,37
"37113","4601",1,"Macon County","Macon County, North Carolina","G3701130","3701130",1345429935.04,1345430335.30376,1944,"NC","37","37","56","113",,,,,,,"1",,,,"01",,,"033",,,,,,"5646  113      14",15788,15411,370,5,2015420616,1392640,1912545348,0,0,0,1,0,0,1,1,0,0,0,0,0,1,1,1,0,0,0,0,0,1,0,0,0,0,0,1,1,1,1,0,0,0,0,0,0,0,0,0,0,0,0,0,1,0,1,0,1,0,1,0,0,0,0,0,0,0,0,0,0,0,1,0,0,0,1,0,0,0,0,0,0,1,0,0,1,1,1,1,1,1,1,1,1,0,0,0,1,1,1,0,0,0,0,0,0,0,,,3150,526,69,46,366,4
"37115","4601",1,"Madison County","Madison County, North Carolina","G3701150","3701150",1169603159.27,1169603181.77433,1945,"NC","37","37","56","115",,,,,,,"1",,,,"01",,,"033",,,,,,"5646  115      14",16003,15904,99,14,2015420636,1075138564,1912545908,0,0,1,1,1,0,1,1,0,0,0,0,0,1,1,1,0,0,0,0,0,1,0,0,0,0,0,1,1,1,1,0,1,0,0,0,0,0,0,0,0,0,1,0,1,0,1,0,1,0,1,0,0,0,0,0,0,0,0,0,1,0,1,0,1,1,1,0,0,1,0,0,0,1,0,0,1,1,1,1,1,1,1,1,1,0,0,0,1,1,1,0,0,0,0,0,0,0,,,2073,1136,55,6,282,5
"37117","4601",1,"Martin County","Martin County, North Carolina","G3701170","3701170",1195263586.37,1195264337.95399,1946,"NC","37","37","56","117",,,"3120",,,,"1",,,,"07",,,"021",,,,,,"5646  117      13",24730,13626,11104,,1342226568,1073741828,96,0,0,0,1,0,0,0,1,0,0,0,0,0,0,1,1,0,0,0,0,0,0,0,0,0,0,0,0,1,0,1,0,1,0,0,0,0,0,0,0,0,0,0,0,0,0,0,0,0,0,0,0,0,0,0,0,0,0,0,0,1,0,0,0,0,1,1,0,0,0,0,0,0,0,0,0,0,0,0,0,0,0,0,0,0,0,0,0,0,0,0,0,0,0,0,0,0,0,,,3065,479,69,0,338,21
"37119","4601",1,"Mecklenburg County","Mecklenburg County, North Carolina","G3701190","3701190",1414714857.81,1414715091.59236,1947,"NC","37","37","56","119",,,"1520",,,,"0",,,,"D ",,,"034",,,,,,"5646  119      13",354656,269285,84219,1905,0,0,0,0,0,0,0,0,0,0,0,0,0,0,0,0,0,0,0,0,0,0,0,0,0,0,0,0,0,0,0,0,0,0,0,0,0,0,0,0,0,0,0,0,0,0,0,0,0,0,0,0,0,0,0,0,0,0,0,0,0,0,0,0,0,0,0,0,0,0,0,0,0,0,0,0,0,0,0,0,0,0,0,0,0,0,0,0,0,0,0,0,0,0,0,0,0,0,0,0,0,,,60991,883,1055,57,2828,54
"37121","4601",1,"Mitchell County","Mitchell County, North Carolina","G3701210","3701210",575339529.25,575339121.839792,1948,"NC","37","37","56","121",,,,,,,"1",,,,"01",,,"033",,,,,,"5646  121      14",13447,13407,40,18,2016473308,1150636324,9076,0,0,1,1,1,0,1,1,0,0,0,0,1,1,1,1,0,0,0,0,1,1,0,0,0,0,0,1,1,1,1,0,1,0,0,1,0,0,1,0,0,0,1,0,1,0,1,0,1,0,1,0,0,1,0,0,1,0,0,0,1,0,1,0,1,1,1,0,1,1,0,0,0,1,0,0,0,0,0,0,0,0,0,0,0,0,0,0,0,0,0,0,0,0,0,0,0,0,,,2688,504,38,0,184,14
"37123","4601",1,"Montgomery County","Montgomery County, North Carolina","G3701230","3701230",1299237105.82,1299237140.05274,1949,"NC","37","37","56","123",,,,,,,"1",,,,"04",,,"034",,,,,,"5646  123      14",19267,14443,4780,30,1342226568,1073741828,33488992,0,0,0,1,0,0,0,1,0,0,0,0,0,0,1,1,0,0,0,0,0,0,0,0,0,0,0,0,1,0,1,0,1,0,0,0,0,0,0,0,0,0,0,0,0,0,0,0,0,0,0,0,0,0,0,0,0,0,0,0,1,0,0,0,0,1,1,0,0,0,0,0,0,0,0,0,1,1,1,1,1,1,1,1,1,0,0,0,0,0,0,0,0,0,0,0,0,0,,,3145,688,69,9,327,24
"37125","4601",1,"Moore County","Moore County, North Carolina","G3701250","3701250",1827699950.31,1827700033.53899,1950,"NC","37","37","56","125",,,,,,,"1",,,,"09",,,"023",,,,,,"5646  125      13",39048,29256,9673,31,1342226568,0,1912537152,0,0,0,1,0,0,0,1,0,0,0,0,0,0,1,1,0,0,0,0,0,0,0,0,0,0,0,0,1,0,1,0,0,0,0,0,0,0,0,0,0,0,0,0,0,0,0,0,0,0,0,0,0,0,0,0,0,0,0,0,0,0,0,0,0,0,1,0,0,0,0,0,0,0,0,0,1,1,1,1,1,1,1,1,1,0,0,0,1,1,1,0,0,0,0,0,0,0,,,6501,1441,113,8,726,26
"37127","4601",1,"Nash County","Nash County, North Carolina","G3701270","3701270",1405576948.35,1405576849.17312,1951,"NC","37","37","56","127",,,"1520",,,,"1",,,,"08",,,"024",,,,,,"5646  127      13",59122,37980,21092,34,1342226568,0,33488896,0,0,0,1,0,0,0,1,0,0,0,0,0,0,1,1,0,0,0,0,0,0,0,0,0,0,0,0,1,0,1,0,0,0,0,0,0,0,0,0,0,0,0,0,0,0,0,0,0,0,0,0,0,0,0,0,0,0,0,0,0,0,0,0,0,0,0,0,0,0,0,0,0,0,0,0,1,1,1,1,1,1,1,1,1,0,0,0,0,0,0,0,0,0,0,0,0,0,,,7676,921,155,31,777,46
"37129","4601",1,"New Hanover County","New Hanover County, North Carolina","G3701290","3701290",526956422.772,526956567.863761,1952,"NC","37","37","56","129",,,"9200",,,,"0",,,,"11",,,"022",,,,,,"5646  129      13",82996,64075,18692,313,1342177288,0,11403264,0,0,0,1,0,0,0,0,0,0,0,0,0,0,0,0,0,0,0,0,0,0,0,0,0,0,0,0,1,0,1,0,0,0,0,0,0,0,0,0,0,0,0,0,0,0,0,0,0,0,0,0,0,0,0,0,0,0,0,0,0,0,0,0,0,0,0,0,0,0,0,0,0,0,0,0,0,1,1,1,0,1,0,1,0,0,0,0,0,0,0,0,0,0,0,0,0,0,,,13729,387,1119,20,1469,9
"37131","4601",1,"Northampton County","Northampton County, North Carolina","G3701310","3701310",1426082164.89,1426081748.14909,1953,"NC","37","37","56","131",,,,,,,"1",,,,"07",,,"021",,,,,,"5646  131      14",24009,9833,14161,22,1342226568,1073741828,96,0,0,0,1,0,0,0,1,0,0,0,0,0,0,1,1,0,0,0,0,0,0,0,0,0,0,0,0,1,0,1,0,1,0,0,0,0,0,0,0,0,0,0,0,0,0,0,0,0,0,0,0,0,0,0,0,0,0,0,0,1,0,0,0,0,1,1,0,0,0,0,0,0,0,0,0,0,0,0,0,0,0,0,0,0,0,0,0,0,0,0,0,0,0,0,0,0,0,,,2628,1055,17,10,236,29
"37133","4601",1,"Onslow County","Onslow County, North Carolina","G3701330","3701330",1993173331.89,1993173492.44873,1954,"NC","37","37","56","133",,,"9200",,,,"1",,,,"11",,,"022",,,,,,"5646  133      13",103126,86610,15180,2713,1073741824,1073741828,786496,0,0,0,0,0,0,0,0,0,0,0,0,0,0,0,0,0,0,0,0,0,0,0,0,0,0,0,0,0,0,1,0,1,0,0,0,0,0,0,0,0,0,0,0,0,0,0,0,0,0,0,0,0,0,0,0,0,0,0,0,1,0,0,0,0,0,1,0,0,0,0,0,0,0,0,0,0,0,1,1,0,0,0,0,0,0,0,0,0,0,0,0,0,0,0,0,0,0,,,7723,659,103,16,2531,86
"37135","4601",1,"Orange County","Orange County, North Carolina","G3701350","3701350",1039141424.53,1039141529.1134,1955,"NC","37","37","56","135",,,"2280",,,,"1",,,,"03",,,"025",,,,,,"5646  135      13",57707,47257,10215,451,1073741832,1073741828,9306176,0,0,0,1,0,0,0,0,0,0,0,0,0,0,0,0,0,0,0,0,0,0,0,0,0,0,0,0,0,0,1,0,1,0,0,0,0,0,0,0,0,0,0,0,0,0,0,0,0,0,0,0,0,0,0,0,0,0,0,0,1,0,0,0,0,0,1,0,0,0,0,0,0,0,0,0,0,1,1,1,0,0,0,1,0,0,0,0,0,0,0,0,0,0,0,0,0,0,,,7301,757,255,21,881,39
"37137","4601",1,"Pamlico County","Pamlico County, North Carolina","G3701370","3701370",883598335.48,883596829.029285,1956,"NC","37","37","56","137",,,,,,,"1",,,,"11",,,"022",,,,,,"5646  137      14",9467,6331,3136,,1342226568,1073741828,64,0,0,0,1,0,0,0,1,0,0,0,0,0,0,1,1,0,0,0,0,0,0,0,0,0,0,0,0,1,0,1,0,1,0,0,0,0,0,0,0,0,0,0,0,0,0,0,0,0,0,0,0,0,0,0,0,0,0,0,0,1,0,0,0,0,0,1,0,0,0,0,0,0,0,0,0,0,0,0,0,0,0,0,0,0,0,0,0,0,0,0,0,0,0,0,0,0,0,,,1460,677,0,5,232,26
"37139","4601",1,"Pasquotank County","Pasquotank County, North Carolina","G3701390","3701390",589907613.888,589907503.262586,1957,"NC","37","37","56","139",,,,,,,"1",,,,"10",,,"022",,,,,,"5646  139      13",26824,16625,10116,138,1342210184,1073741828,33423424,0,0,0,1,0,0,0,1,0,0,0,0,0,0,0,1,0,0,0,0,0,0,0,0,0,0,0,0,1,0,1,0,1,0,0,0,0,0,0,0,0,0,0,0,0,0,0,0,0,0,0,0,0,0,0,0,0,0,0,0,1,0,0,0,0,0,1,0,0,0,0,0,0,0,0,0,0,1,1,1,1,1,1,1,1,0,0,0,0,0,0,0,0,0,0,0,0,0,,,3993,537,128,0,425,11
"37141","4601",1,"Pender County","Pender County, North Carolina","G3701410","3701410",2268900250.68,2268899462.05793,1958,"NC","37","37","56","141",,,,,,,"1",,,,"11",,,"022",,,,,,"5646  141      14",18149,10216,7926,86,1342226568,1073741828,1644101696,0,0,0,1,0,0,0,1,0,0,0,0,0,0,1,1,0,0,0,0,0,0,0,0,0,0,0,0,1,0,1,0,1,0,0,0,0,0,0,0,0,0,0,0,0,0,0,0,0,0,0,0,0,0,0,0,0,0,0,0,1,0,0,0,0,0,1,0,0,0,0,0,0,0,0,0,1,1,1,1,1,1,1,1,1,0,0,0,0,1,1,0,0,0,0,0,0,0,,,2560,1122,73,6,335,33
"37143","4601",1,"Perquimans County","Perquimans County, North Carolina","G3701430","3701430",642382356.915,642382175.799773,1959,"NC","37","37","56","143",,,,,,,"1",,,,"07",,,"021",,,,,,"5646  143      14",8351,4887,3464,,1342357656,1073741830,33400,0,0,0,1,1,0,0,1,0,0,0,0,0,0,1,1,0,1,0,0,0,0,0,0,0,0,0,0,1,0,1,1,1,0,0,0,0,0,0,0,0,0,0,0,0,0,0,0,0,0,0,0,0,0,0,0,0,0,0,0,1,0,0,1,1,1,1,0,0,1,0,0,0,0,0,1,0,0,0,0,0,0,0,0,0,0,0,0,0,0,0,0,0,0,0,0,0,0,,,1131,485,11,5,103,14
"37145","4601",1,"Person County","Person County, North Carolina","G3701450","3701450",1046595314.48,1046595351.54498,1960,"NC","37","37","56","145",,,,,,,"1",,,,"03",,,"025",,,,,,"5646  145      13",25914,17444,8363,40,1342226568,1073741828,33488960,0,0,0,1,0,0,0,1,0,0,0,0,0,0,1,1,0,0,0,0,0,0,0,0,0,0,0,0,1,0,1,0,1,0,0,0,0,0,0,0,0,0,0,0,0,0,0,0,0,0,0,0,0,0,0,0,0,0,0,0,1,0,0,0,0,0,1,0,0,0,0,0,0,0,0,0,1,1,1,1,1,1,1,1,1,0,0,0,0,0,0,0,0,0,0,0,0,0,,,3794,587,66,20,340,14
"37147","4601",1,"Pitt County","Pitt County, North Carolina","G3701470","3701470",1695532595.58,1695532174.71612,1961,"NC","37","37","56","147",,,,,,,"1",,,,"08",,,"024",,,,,,"5646  147      13",73900,48256,25569,142,1342210184,0,16646144,0,0,0,1,0,0,0,1,0,0,0,0,0,0,0,1,0,0,0,0,0,0,0,0,0,0,0,0,1,0,1,0,0,0,0,0,0,0,0,0,0,0,0,0,0,0,0,0,0,0,0,0,0,0,0,0,0,0,0,0,0,0,0,0,0,0,0,0,0,0,0,0,0,0,0,0,0,1,1,1,1,1,1,1,0,0,0,0,0,0,0,0,0,0,0,0,0,0,,,8365,838,190,46,1201,5
"37149","4601",1,"Polk County","Polk County, North Carolina","G3701490","3701490",617977809.506,617977885.516963,1962,"NC","37","37","56","149",,,"2280",,,,"1",,,,"05",,,"034",,,,,,"5646  149      14",11735,10282,1413,58,1879097480,65536,33489408,0,0,0,1,0,0,0,1,0,0,0,0,0,0,1,1,0,0,0,0,0,0,0,0,0,0,0,0,1,1,1,0,0,0,0,0,0,0,0,0,0,0,0,0,0,0,1,0,0,0,0,0,0,0,0,0,0,0,0,0,0,0,0,0,0,0,0,0,0,1,0,0,0,0,0,0,1,1,1,1,1,1,1,1,1,0,0,0,0,0,0,0,0,0,0,0,0,0,,,2432,400,40,0,138,12
"37151","4601",1,"Randolph County","Randolph County, North Carolina","G3701510","3701510",2045921109.29,2045921218.62218,1963,"NC","37","37","56","151",,,"3120",,,,"0",,,,"04",,,"034",,,,,,"5646  151      13",76358,70694,5572,199,1073774728,0,31326208,0,0,0,1,0,0,0,1,0,0,0,0,0,0,0,1,0,0,0,0,0,0,0,0,0,0,0,0,0,0,1,0,0,0,0,0,0,0,0,0,0,0,0,0,0,0,0,0,0,0,0,0,0,0,0,0,0,0,0,0,0,0,0,0,0,0,0,0,0,0,0,0,0,0,0,0,0,1,1,1,1,0,1,1,1,0,0,0,0,0,0,0,0,0,0,0,0,0,,,14510,1884,142,16,1874,87
"37153","4601",1,"Richmond County","Richmond County, North Carolina","G3701530","3701530",1242122138.76,1242122966.52478,1964,"NC","37","37","56","153",,,,,,,"1",,,,"09",,,"023",,,,,,"5646  153      13",39889,28006,11704,62,1342226568,1073741828,33488960,0,0,0,1,0,0,0,1,0,0,0,0,0,0,1,1,0,0,0,0,0,0,0,0,0,0,0,0,1,0,1,0,1,0,0,0,0,0,0,0,0,0,0,0,0,0,0,0,0,0,0,0,0,0,0,0,0,0,0,0,1,0,0,0,0,0,1,0,0,0,0,0,0,0,0,0,1,1,1,1,1,1,1,1,1,0,0,0,0,0,0,0,0,0,0,0,0,0,,,6724,1025,140,5,491,35
"37155","4601",1,"Robeson County","Robeson County, North Carolina","G3701550","3701550",2463172751.45,2463173007.35587,1965,"NC","37","37","56","155",,,,,,,"1",,,,"09",,,"023",,,,,,"5646  155      13",84842,35670,21876,387,1342177416,0,12451840,0,0,0,1,0,0,0,1,0,0,0,0,0,0,0,0,0,0,0,0,0,0,0,0,0,0,0,0,1,0,1,0,0,0,0,0,0,0,0,0,0,0,0,0,0,0,0,0,0,0,0,0,0,0,0,0,0,0,0,0,0,0,0,0,0,0,0,0,0,0,0,0,0,0,0,0,0,1,1,1,1,1,0,1,0,0,0,0,0,0,0,0,0,0,0,0,0,0,,,9779,1889,107,7,934,42
"37157","4601",1,"Rockingham County","Rockingham County, North Carolina","G3701570","3701570",1482342453.86,1482342129.96979,1966,"NC","37","37","56","157",,,,,,,"1",,,,"03",,,"025",,,,,,"5646  157      13",72402,57513,14824,99,1342226568,0,33488896,0,0,0,1,0,0,0,1,0,0,0,0,0,0,1,1,0,0,0,0,0,0,0,0,0,0,0,0,1,0,1,0,0,0,0,0,0,0,0,0,0,0,0,0,0,0,0,0,0,0,0,0,0,0,0,0,0,0,0,0,0,0,0,0,0,0,0,0,0,0,0,0,0,0,0,0,1,1,1,1,1,1,1,1,1,0,0,0,0,0,0,0,0,0,0,0,0,0,,,12985,1481,229,32,1049,67
"37159","4601",1,"Rowan County","Rowan County, North Carolina","G3701590","3701590",1356799253.76,1356799464.12349,1967,"NC","37","37","56","159",,,,,,,"1",,,,"04",,,"034",,,,,,"5646  159      13",90035,75597,14318,267,1073774728,0,31326208,0,0,0,1,0,0,0,1,0,0,0,0,0,0,0,1,0,0,0,0,0,0,0,0,0,0,0,0,0,0,1,0,0,0,0,0,0,0,0,0,0,0,0,0,0,0,0,0,0,0,0,0,0,0,0,0,0,0,0,0,0,0,0,0,0,0,0,0,0,0,0,0,0,0,0,0,0,1,1,1,1,0,1,1,1,0,0,0,0,0,0,0,0,0,0,0,0,0,,,17548,858,317,15,1573,58
"37161","4601",1,"Rutherford County","Rutherford County, North Carolina","G3701610","3701610",1465691622.13,1465691577.9782,1968,"NC","37","37","56","161",,,,,,,"1",,,,"05",,,"034",,,,,,"5646  161      13",47337,42282,5037,0,1342226568,1073741828,1912537152,0,0,0,1,0,0,0,1,0,0,0,0,0,0,1,1,0,0,0,0,0,0,0,0,0,0,0,0,1,0,1,0,1,0,0,0,0,0,0,0,0,0,0,0,0,0,0,0,0,0,0,0,0,0,0,0,0,0,0,0,1,0,0,0,0,0,1,0,0,0,0,0,0,0,0,0,1,1,1,1,1,1,1,1,1,0,0,0,1,1,1,0,0,0,0,0,0,0,,,8987,1111,132,10,602,34
"37163","4601",1,"Sampson County","Sampson County, North Carolina","G3701630","3701630",2453915512.14,2453915109.5049,1969,"NC","37","37","56","163",,,,,,,"1",,,,"06",,,"024",,,,,,"5646  163      13",44954,28742,15494,128,1342210184,0,33423360,0,0,0,1,0,0,0,1,0,0,0,0,0,0,0,1,0,0,0,0,0,0,0,0,0,0,0,0,1,0,1,0,0,0,0,0,0,0,0,0,0,0,0,0,0,0,0,0,0,0,0,0,0,0,0,0,0,0,0,0,0,0,0,0,0,0,0,0,0,0,0,0,0,0,0,0,0,1,1,1,1,1,1,1,1,0,0,0,0,0,0,0,0,0,0,0,0,0,,,6198,1437,84,9,628,60
"37165","4601",1,"Scotland County","Scotland County, North Carolina","G3701650","3701650",830473536.752,830474062.393518,1970,"NC","37","37","56","165",,,,,,,"1",,,,"09",,,"023",,,,,,"5646  165      13",26929,16647,9091,151,1342210184,1073741828,33423424,0,0,0,1,0,0,0,1,0,0,0,0,0,0,0,1,0,0,0,0,0,0,0,0,0,0,0,0,1,0,1,0,1,0,0,0,0,0,0,0,0,0,0,0,0,0,0,0,0,0,0,0,0,0,0,0,0,0,0,0,1,0,0,0,0,0,1,0,0,0,0,0,0,0,0,0,0,1,1,1,1,1,1,1,1,0,0,0,0,0,0,0,0,0,0,0,0,0,,,3259,623,56,8,355,19
"37167","4601",1,"Stanly County","Stanly County, North Carolina","G3701670","3701670",1047030723.31,1047029846.84033,1971,"NC","37","37","56","167",,,,,,,"1",,,,"04",,,"034",,,,,,"5646  167      13",42822,38133,4662,97,1073791112,0,31129600,0,0,0,1,0,0,0,1,0,0,0,0,0,0,1,1,0,0,0,0,0,0,0,0,0,0,0,0,0,0,1,0,0,0,0,0,0,0,0,0,0,0,0,0,0,0,0,0,0,0,0,0,0,0,0,0,0,0,0,0,0,0,0,0,0,0,0,0,0,0,0,0,0,0,0,0,1,1,0,1,1,0,1,1,1,0,0,0,0,0,0,0,0,0,0,0,0,0,,,9002,623,98,6,562,3
"37169","4601",1,"Stokes County","Stokes County, North Carolina","G3701690","3701690",1180743822.27,1180743190.70679,1972,"NC","37","37","56","169",,,,,,,"1",,,,"03",,,"025",,,,,,"5646  169      14",23782,21596,2186,27,1073791112,1073807364,31130208,0,0,0,1,0,0,0,1,0,0,0,0,0,0,1,1,0,0,0,0,0,0,0,0,0,0,0,0,0,0,1,0,1,0,0,0,0,0,0,0,0,0,0,0,0,0,1,0,0,0,0,0,0,0,0,0,0,0,0,0,1,0,0,0,0,1,1,0,0,1,0,0,0,0,0,0,1,1,0,1,1,0,1,1,1,0,0,0,0,0,0,0,0,0,0,0,0,0,,,3900,855,42,5,635,37
"37171","4601",1,"Surry County","Surry County, North Carolina","G3701710","3701710",1392867229.72,1392866615.38472,1973,"NC","37","37","56","171",,,,,,,"1",,,,"03",,,"025",,,,,,"5646  171      13",51415,48861,2501,151,1342226568,1073807364,33488960,0,0,0,1,0,0,0,1,0,0,0,0,0,0,1,1,0,0,0,0,0,0,0,0,0,0,0,0,1,0,1,0,1,0,0,0,0,0,0,0,0,0,0,0,0,0,1,0,0,0,0,0,0,0,0,0,0,0,0,0,1,0,0,0,0,0,1,0,0,0,0,0,0,0,0,0,1,1,1,1,1,1,1,1,1,0,0,0,0,0,0,0,0,0,0,0,0,0,,,9819,1404,204,40,749,55
"37173","4601",1,"Swain County","Swain County, North Carolina","G3701730","3701730",1400263055.94,1400263445.0299,1974,"NC","37","37","56","173",,,,,,,"1",,,,"01",,,"033",,,,,,"5646  173      14",7861,6266,240,9,2016604380,1150636324,41588,0,0,1,1,1,0,1,1,0,0,0,0,1,1,1,1,0,1,0,0,1,1,0,0,0,0,0,1,1,1,1,0,1,0,0,1,0,0,1,0,0,0,1,0,1,0,1,0,1,0,1,0,0,1,0,0,1,0,0,0,1,0,1,0,1,1,1,0,0,1,0,0,0,1,0,1,0,0,0,0,0,0,0,0,0,0,0,0,0,0,0,0,0,0,0,0,0,0,,,1147,351,21,4,166,4
"37175","4601",1,"Transylvania County","Transylvania County, North Carolina","G3701750","3701750",985649293.611,985648378.773957,1975,"NC","37","37","56","175",,,,,,,"1",,,,"01",,,"033",,,,,,"5646  175      13",19713,18620,1088,62,1879097480,65536,33488960,0,0,0,1,0,0,0,1,0,0,0,0,0,0,1,1,0,0,0,0,0,0,0,0,0,0,0,0,1,1,1,0,0,0,0,0,0,0,0,0,0,0,0,0,0,0,1,0,0,0,0,0,0,0,0,0,0,0,0,0,0,0,0,0,0,0,1,0,0,0,0,0,0,0,0,0,1,1,1,1,1,1,1,1,1,0,0,0,0,0,0,0,0,0,0,0,0,0,,,3444,405,29,0,508,26
"37177","4601",1,"Tyrrell County","Tyrrell County, North Carolina","G3701770","3701770",1013190111.93,1013190552.17809,1976,"NC","37","37","56","177",,,"3120",,,,"1",,,,"10",,,"022",,,,,,"5646  177      14",3806,2154,1652,0,1879228568,1073840134,33400,0,0,0,1,1,0,0,1,0,0,0,0,0,0,1,1,0,1,0,0,0,0,0,0,0,0,0,0,1,1,1,1,1,0,0,0,0,0,0,0,0,0,0,0,0,1,1,0,0,0,0,0,0,0,0,0,0,0,0,0,1,0,0,1,1,1,1,0,0,1,0,0,0,0,0,1,0,0,0,0,0,0,0,0,0,0,0,0,0,0,0,0,0,0,0,0,0,0,,,506,228,22,18,81,18
"37179","4601",1,"Union County","Union County, North Carolina","G3701790","3701790",1656541334.22,1656541651.07125,1977,"NC","37","37","56","179",,,"1520",,,,"1",,,,"05",,,"034",,,,,,"5646  179      13",54714,44257,10370,6,1073791112,1073741828,31129664,0,0,0,1,0,0,0,1,0,0,0,0,0,0,1,1,0,0,0,0,0,0,0,0,0,0,0,0,0,0,1,0,1,0,0,0,0,0,0,0,0,0,0,0,0,0,0,0,0,0,0,0,0,0,0,0,0,0,0,0,1,0,0,0,0,0,1,0,0,0,0,0,0,0,0,0,1,1,0,1,1,0,1,1,1,0,0,0,0,0,0,0,0,0,0,0,0,0,,,9343,998,105,32,844,44
"37181","4601",1,"Vance County","Vance County, North Carolina","G3701810","3701810",698839920.389,698839982.316938,1978,"NC","37","37","56","181",,,"1520",,,,"1",,,,"03",,,"025",,,,,,"5646  181      13",32691,18832,13832,26,1342226568,1073741828,33488960,0,0,0,1,0,0,0,1,0,0,0,0,0,0,1,1,0,0,0,0,0,0,0,0,0,0,0,0,1,0,1,0,1,0,0,0,0,0,0,0,0,0,0,0,0,0,0,0,0,0,0,0,0,0,0,0,0,0,0,0,1,0,0,0,0,0,1,0,0,0,0,0,0,0,0,0,1,1,1,1,1,1,1,1,1,0,0,0,0,0,0,0,0,0,0,0,0,0,,,4282,449,120,17,343,8
"37183","4601",1,"Wake County","Wake County, North Carolina","G3701830","3701830",2220300775.95,2220301519.22505,1979,"NC","37","37","56","183",,,"6640",,,,"0",,,,"E ",,,"024",,,,,,"5646  183      13",228453,176913,50484,970,0,0,0,0,0,0,0,0,0,0,0,0,0,0,0,0,0,0,0,0,0,0,0,0,0,0,0,0,0,0,0,0,0,0,0,0,0,0,0,0,0,0,0,0,0,0,0,0,0,0,0,0,0,0,0,0,0,0,0,0,0,0,0,0,0,0,0,0,0,0,0,0,0,0,0,0,0,0,0,0,0,0,0,0,0,0,0,0,0,0,0,0,0,0,0,0,0,0,0,0,0,,,34636,1327,1038,89,2555,88
"37185","4601",1,"Warren County","Warren County, North Carolina","G3701850","3701850",1149435445.03,1149435835.05089,1980,"NC","37","37","56","185",,,,,,,"1",,,,"06",,,"024",,,,,,"5646  185      14",15810,5909,9467,4,1342357656,1073741828,33392,0,0,0,1,1,0,0,1,0,0,0,0,0,0,1,1,0,1,0,0,0,0,0,0,0,0,0,0,1,0,1,0,1,0,0,0,0,0,0,0,0,0,0,0,0,0,0,0,0,0,0,0,0,0,0,0,0,0,0,0,1,0,0,0,1,1,1,0,0,1,0,0,0,0,0,1,0,0,0,0,0,0,0,0,0,0,0,0,0,0,0,0,0,0,0,0,0,0,,,1759,692,53,4,146,26
"37187","4601",1,"Washington County","Washington County, North Carolina","G3701870","3701870",977035268.469,977035781.683138,1981,"NC","37","37","56","187",,,,,,,"1",,,,"07",,,"021",,,,,,"5646  187      13",14038,8205,5820,21,1342226568,1073741828,96,0,0,0,1,0,0,0,1,0,0,0,0,0,0,1,1,0,0,0,0,0,0,0,0,0,0,0,0,1,0,1,0,1,0,0,0,0,0,0,0,0,0,0,0,0,0,0,0,0,0,0,0,0,0,0,0,0,0,0,0,1,0,0,0,0,1,1,0,0,0,0,0,0,0,0,0,0,0,0,0,0,0,0,0,0,0,0,0,0,0,0,0,0,0,0,0,0,0,,,1957,453,54,6,239,24
"37189","4601",1,"Watauga County","Watauga County, North Carolina","G3701890","3701890",809965398.129,809965261.828298,1982,"NC","37","37","56","189",,,,,,,"1",,,,"01",,,"033",,,,,,"5646  189      13",23404,23153,229,59,2015420636,1075138564,33497204,0,0,1,1,1,0,1,1,0,0,0,0,0,1,1,1,0,0,0,0,0,1,0,0,0,0,0,1,1,1,1,0,1,0,0,0,0,0,0,0,0,0,1,0,1,0,1,0,1,0,1,0,0,0,0,0,0,0,0,0,1,0,1,0,1,1,1,0,0,0,0,0,0,1,0,0,1,1,1,1,1,1,1,1,1,0,0,0,0,0,0,0,0,0,0,0,0,0,,,3411,750,101,10,497,9
"37191","4601",1,"Wayne County","Wayne County, North Carolina","G3701910","3701910",1441830547.26,1441830335.10432,1983,"NC","37","37","56","191",,,,,,,"1",,,,"08",,,"024",,,,,,"5646  191      13",85408,56815,28329,320,1073774728,0,30801920,0,0,0,1,0,0,0,1,0,0,0,0,0,0,0,1,0,0,0,0,0,0,0,0,0,0,0,0,0,0,1,0,0,0,0,0,0,0,0,0,0,0,0,0,0,0,0,0,0,0,0,0,0,0,0,0,0,0,0,0,0,0,0,0,0,0,0,0,0,0,0,0,0,0,0,0,0,1,1,0,1,0,1,1,1,0,0,0,0,0,0,0,0,0,0,0,0,0,,,9678,797,202,26,1162,36
"37193","4601",1,"Wilkes County","Wilkes County, North Carolina","G3701930","3701930",1968207715.52,1968207753.2418,1984,"NC","37","37","56","193",,,,,,,"1",,,,"02",,,"033",,,,,,"5646  193      13",49524,46951,2546,48,1073791112,1073807364,31391808,0,0,0,1,0,0,0,1,0,0,0,0,0,0,1,1,0,0,0,0,0,0,0,0,0,0,0,0,0,0,1,0,1,0,0,0,0,0,0,0,0,0,0,0,0,0,1,0,0,0,0,0,0,0,0,0,0,0,0,0,1,0,0,0,0,0,1,0,0,0,0,0,0,0,0,0,1,1,1,1,1,0,1,1,1,0,0,0,0,0,0,0,0,0,0,0,0,0,,,8373,2150,114,11,1124,52
"37195","4601",1,"Wilson County","Wilson County, North Carolina","G3701950","3701950",969340935.633,969340780.992065,1985,"NC","37","37","56","195",,,"6640",,,,"1",,,,"08",,,"024",,,,,,"5646  195      13",57486,36323,21122,9,1073791112,0,299827200,0,0,0,1,0,0,0,1,0,0,0,0,0,0,1,1,0,0,0,0,0,0,0,0,0,0,0,0,0,0,1,0,0,0,0,0,0,0,0,0,0,0,0,0,0,0,0,0,0,0,0,0,0,0,0,0,0,0,0,0,0,0,0,0,0,0,0,0,0,0,0,0,0,0,0,0,1,1,1,1,1,0,1,1,1,0,0,0,1,0,0,0,0,0,0,0,0,0,,,7100,528,127,24,581,39
"37197","4601",1,"Yadkin County","Yadkin County, North Carolina","G3701970","3701970",874104410.393,874104503.588799,1986,"NC","37","37","56","197",,,"3120",,,,"1",,,,"03",,,"025",,,,,,"5646  197      14",24599,23362,1237,27,1073791128,1073741828,31392368,0,0,0,1,1,0,0,1,0,0,0,0,0,0,1,1,0,0,0,0,0,0,0,0,0,0,0,0,0,0,1,0,1,0,0,0,0,0,0,0,0,0,0,0,0,0,0,0,0,0,0,0,0,0,0,0,0,0,0,0,1,0,0,0,1,1,1,0,0,1,0,0,0,0,0,0,1,1,1,1,1,0,1,1,1,0,0,0,0,0,0,0,0,0,0,0,0,0,,,4799,770,75,18,562,26
"37199","4601",1,"Yancey County","Yancey County, North Carolina","G3701990","3701990",810950355.132,810950184.047858,1987,"NC","37","37","56","199",,,"3120",,,,"1",,,,"01",,,"033",,,,,,"5646  199      14",12629,12495,134,,2016600284,1142247684,41588,0,0,1,1,1,0,1,1,0,0,0,0,0,1,1,1,0,1,0,0,1,1,0,0,0,0,0,1,1,1,1,0,1,0,0,0,0,0,1,0,0,0,1,0,1,0,1,0,1,0,1,0,0,0,0,0,1,0,0,0,1,0,1,0,1,1,1,0,0,1,0,0,0,1,0,1,0,0,0,0,0,0,0,0,0,0,0,0,0,0,0,0,0,0,0,0,0,0,,,1953,744,38,0,234,20
